need_id,requirement_or_clause,knowledge_type,level,conflict,found_by,evidence,what_is_missing,primary_source,other_sources,sme_question
KN-01,BR-01,OPERATIONAL_PRACTICE,P3,yes,anchor+semantic,T+12 business days,"Why the internal deadline is T+12 business days, and whether it was meant to fall inside 15 calendar days (12 business days is usually 16-18 calendar days).",Regulatory calendar / submission SOP,Prior submissions; Regulator template specification,Is T+12 business days intended as an internal buffer? It can land after the 15 calendar day regulatory deadline. Which is binding?
KN-02,BR-02,DATA_LINEAGE,P2,,anchor+semantic,OUTSTANDING_BAL; ACCR_INT; LN_ACCT_DAILY,Which system table and fields hold on-balance sheet loan balances (LN_ACCT_DAILY.OUTSTANDING_BAL).,CBS data dictionary (or enterprise metadata catalog),Source system interface specs; Data lineage tool,"Where is LN_ACCT_DAILY documented, and does OUTSTANDING_BAL cover all on-balance sheet assets (e.g. overdrafts, bills purchased)?"
KN-03,BR-03,REFERENCED_DOCUMENT,P2,,anchor+semantic,"Credit Risk Policy v4.2, Annexure 3","CCF values per product come from Credit Risk Policy v4.2, Annexure 3, an internal document, rather than directly from the Standardised Approach.",Policy repository / document management system,,"Can we get Credit Risk Policy v4.2 Annexure 3, and confirm it matches the Standardised Approach CCFs?"
KN-04,BR-03,DATA_LINEAGE,P2,,anchor+semantic,SANCTION_LIMIT; TF_CONTINGENT,Which Trade Finance table and field represent off-balance sheet items (TF_CONTINGENT.SANCTION_LIMIT).,TF data dictionary (or enterprise metadata catalog),Source system interface specs; Data lineage tool,"Where are TF_CONTINGENT and SANCTION_LIMIT defined, and do they cover all off-balance sheet products?"
KN-05,BR-04,REFERENCE_DATA,P2,,anchor+semantic,GROUP_ID,"How GROUP_ID is assigned and maintained in the CRM customer master, and whether it captures control relationships. | Control relationships (ownership, board control) are not addressed when GROUP_ID is populated but incomplete.",Reference data / code list master,CRM customer or product master documentation; Data governance (data owner),"Who maintains GROUP_ID, using what criteria, and does it reflect control as defined in the regulation? / How are control-based connections captured, for example subsidiaries with different PANs?"
KN-06,BR-04,REGULATORY_INTERPRETATION,P3,,anchor+semantic,"Where GROUP_ID is null, customers sharing the same PAN or the same registered address shall be treated as a group of connected counterparties.",Interpretation that shared PAN or shared registered address indicates economic interdependence (fallback rule).,Compliance interpretation memos,Regulator FAQs / Q&A; Decision log / steering minutes,What is the basis for treating a shared registered address as connection? Was this approved by compliance?
KN-07,BR-07,REFERENCE_DATA,P2,,anchor+semantic,SECTOR_CODE; 101; 102,Mapping of SECTOR_CODE values 101 and 102 to central government and central bank.,Reference data / code list master,customer or product master documentation; Data governance (data owner),"Where is the SECTOR_CODE list maintained, and are 101/102 the complete set for central government and central bank?"
KN-08,BR-08,SCOPING_DECISION,P3,,anchor+semantic,Government securities collateral is not considered in this release.,"Decision to exclude government securities collateral in this release, although the regulation permits it.",Change requests / JIRA,Release scope decisions / steering minutes; Project RAID log,Why are government securities excluded in release 1? Is there a plan or ticket to add them?
KN-09,BR-09,DATA_LINEAGE,P2,,anchor+semantic,SETTLE_DATE; MATURITY_DATE,Heuristic: SETTLE_DATE equals MATURITY_DATE identifies intraday placements.,Murex data dictionary (or enterprise metadata catalog),Source system interface specs; Data lineage tool,Is SETTLE_DATE = MATURITY_DATE the agreed definition of intraday? Could it miss or wrongly exclude trades?
KN-10,BR-09,SYSTEM_CAPABILITY,P2,,anchor+semantic,Murex,Murex is the system of record for interbank placements.,Application inventory / architecture documents,System user manuals; IT change log,"Is Murex the only source for interbank placements, and which Murex tables or extracts are used?"
KN-11,BR-10,OPERATIONAL_PRACTICE,P3,,anchor+semantic,INR lakhs; two decimals,"Unit (INR lakhs) and rounding convention, presumably from the LE-1 template specification or past practice.",Regulatory calendar / submission SOP,Prior submissions; Regulator template specification,"Does the LE-1 template specify INR lakhs and two decimals, or is this carried over from earlier submissions?"
KN-12,BR-11,PARAMETER,P3,,anchor+semantic,1101-1199; 0.5 percent,GL heads 1101-1199 represent funded exposure in the chart of accounts. | 0.5 percent reconciliation tolerance.,Reconciliation or control policy,Finance chart of accounts; Decision log,"Is 1101-1199 the complete GL range for funded exposure? / Where does the 0.5 percent tolerance come from, and who approved it?"
KN-13,BR-02,REGULATORY_INTERPRETATION,P3,,semantic,,Decision that accrued interest forms part of exposure value.,Compliance interpretation memos,Regulator FAQs / Q&A; Decision log / steering minutes,"Who decided that accrued interest is included in exposure, and is that decision documented (interpretation memo, regulator FAQ)?"
KN-14,BR-03,CALCULATION_METHOD,P3,,semantic,,Methodology choice to apply the CCF to the sanctioned limit instead of outstanding contingent amount; affects undrawn portions.,Risk methodology documents,"Credit risk policy; Existing report logic (previous BRDs, code)",Why is the CCF applied to the sanctioned limit rather than the outstanding or utilised amount?
KN-15,BR-05,OPERATIONAL_PRACTICE,P3,yes,semantic,,"Timing choice: BRD uses the same reporting quarter's CAR return, while the regulation says most recent; the same-quarter return may not be filed when LE-1 is due.",Regulatory calendar / submission SOP,Prior submissions; Regulator template specification,"At LE-1 submission time, is the same-quarter CAR return already filed? If not, which Tier 1 figure is actually used?"
KN-16,BR-08,SYSTEM_CAPABILITY,P2,,semantic,,CBS lien module can reliably identify cash collateral under lien per exposure.,Application inventory / architecture documents,System user manuals; IT change log,"Does the CBS lien module link each lien to a specific exposure, and are haircuts applied?"
KN-17,BR-08,CALCULATION_METHOD,P3,,semantic,,No haircut treatment specified for cash collateral.,Risk methodology documents,"Credit risk policy; Existing report logic (previous BRDs, code)","Is a zero haircut applied to cash collateral, as usual under the Standardised Approach?"
KN-18,BR-11,SCOPING_DECISION,P3,,semantic,,Only funded exposure is reconciled; non-funded exposure has no reconciliation.,Change requests / JIRA,Release scope decisions / steering minutes; Project RAID log,"Is non-funded exposure reconciled elsewhere, for example to off-balance sheet GL heads?"
KN-19,§7.1,COVERAGE,P3,,coverage,Banks shall maintain documented data lineage for all reported figures.,No requirement for documented data lineage.,Compliance obligations register,Data governance / BCBS 239 programme; BA / compliance review,"Which requirement implements §7.1, or is it handled outside this BRD?"
KN-20,§2.2,COVERAGE,P3,,semantic,"""Group of connected counterparties"" means two or more natural or legal persons where one of them has, directly or indirectly, control over the other or others; or between whom there is economic interdependence such that financial problems of one would likely result in repayment difficulties for the others.",Control-based connection not handled.,Compliance obligations register,Data governance / BCBS 239 programme; BA / compliance review,§2.2 is only partly implemented (Control-based connection not handled.). Intentional?
KN-21,§2.3,COVERAGE,P3,,semantic,"""Eligible capital base"" means the Tier 1 capital of the bank as reported in its most recent capital adequacy return.",Timing differs (same quarter vs most recent).,Compliance obligations register,Data governance / BCBS 239 programme; BA / compliance review,§2.3 is only partly implemented (Timing differs (same quarter vs most recent).). Intentional?
KN-22,§5.1,COVERAGE,P3,,semantic,"The exposure value may be reduced by eligible financial collateral, namely cash and government securities, after applying the haircuts specified under the Standardised Approach.",Government securities descoped.,Compliance obligations register,Data governance / BCBS 239 programme; BA / compliance review,§5.1 is only partly implemented (Government securities descoped.). Intentional?
KN-23,§6.1,COVERAGE,P3,,semantic,The report shall be submitted within 15 calendar days from the end of the quarter through the Authority's reporting portal in the prescribed format LE-1.,Deadline basis conflicts.,Compliance obligations register,Data governance / BCBS 239 programme; BA / compliance review,§6.1 is only partly implemented (Deadline basis conflicts.). Intentional?
KN-24,§7.2,COVERAGE,P3,,semantic,Reported exposures shall be reconciled with the general ledger.,Only funded exposure reconciled.,Compliance obligations register,Data governance / BCBS 239 programme; BA / compliance review,§7.2 is only partly implemented (Only funded exposure reconciled.). Intentional?
